VALUE,barcode.dist,Gen
AAACCACATTGGGTTTTGATCTCAAG,13439,0
AAACTACCCAAAGTTTATATCCTTGA,12698,1
AAGAGACCATGGGTCATCTTCGTGGA,16799,2
AAGGAACCTTAAGTATAAGTCGTAAT,3581,1500
AAGGAACTTAATGTTTCTCTCTACTG,12833,3
ACAGTACTGAAAGTGCTGCTCTGCCG,17980,4
AGGTAACGACGTGTTTCAATCCGTCG,5610,15000
ATATAACCCGCGGTTTATTTCCGTCG,4237,5000
CATCGACAATCTGTATATATCTTGCC,5077,10000
CTATAACGAACTGTTAGTTTCGTAAA,3558,1000
CTCCTACTAACTGTCCTAATCGACAT,16960,5
GAAATACGAACCGTGACCTTCGTTTT,16440,6
GACTAACTAGTAGTTGCAATCATTTT,3987,500
GACTAACTATCTGTAGATTTCCCCTC,13905,7
GAGTTACGGAGAGTTTTAATCGCGTA,15732,8
GCTTTACCTATTGTTCTGGTCAAGGT,16299,9
GTAATACTTCCTGTCTCGTTCACTAG,15367,10
GTGTGACGACGGGTTTAGTTCCATCT,17082,11
GTTCAACCCTTAGTCTTAGTCTCCGT,14917,12
TATAAACTTGGAGTATGGTTCTGTGA,4507,50000
TCGCCACTTCTAGTTAAATTCCGGTC,1427,40000
TCTTTACTTCCCGTATTTGTCTACAC,14290,13
TGGTAACTGTTGGTTTCTGTCCTGTA,15905,14
TTAACACTTGCGGTTTAAATCGTAAG,3370,2000
TTCCTACGGCTTGTTCTCGTCATTTG,17227,15
TTCGCACTAGAGGTACTTATCCTATC,13856,16
TTGATACATCTGGTATAACTCGTTAA,5122,30000
TTTCAACGATTTGTCTAGGTCATATT,13012,17
TTTTGACATTACGTCTGCTTCTTTAG,15562,18
