"VALUE","barcode.dist"
"AAGAGACCATGGGTCATCTTCGTGGA",391
"AAGGAACCTTAAGTATAAGTCGTAAT",176
"ACAGTACTGAAAGTGCTGCTCTGCCG",408
"AGGTAACGACGTGTTTCAATCCGTCG",16779
"ATATAACCCGCGGTTTATTTCCGTCG",5205
"CATCGACAATCTGTATATATCTTGCC",987
"CTCCTACTAACTGTCCTAATCGACAT",185
"GAAATACGAACCGTGACCTTCGTTTT",178
"GACTAACTAGTAGTTGCAATCATTTT",181
"GCTTTACCTATTGTTCTGGTCAAGGT",162
"GTAATACTTCCTGTCTCGTTCACTAG",159
"GTGTGACGACGGGTTTAGTTCCATCT",175
"GTTCAACCCTTAGTCTTAGTCTCCGT",185
"TATAAACTTGGAGTATGGTTCTGTGA",2712
"TCGCCACTTCTAGTTAAATTCCGGTC",35915
"TTAACACTTGCGGTTTAAATCGTAAG",179
"TTCCTACGGCTTGTTCTCGTCATTTG",208
"TTCGCACTAGAGGTACTTATCCTATC",184
"TTGATACATCTGGTATAACTCGTTAA",104440
"TTTCAACGATTTGTCTAGGTCATATT",300
"TTTTGACATTACGTCTGCTTCTTTAG",174
